count,temperature,values
3,0.5,"[0.24675324675324675, 0.3157894736842105, 0.2857142857142857, 0.36363636363636365]"
3,0.5,"[0.2857142857142857, 0.36363636363636365, 0.4155844155844156, 0.28125]"
3,0.5,"[0.22077922077922077, 0.4117647058823529, 0.23376623376623376, 0.3333333333333333]"
3,0.5,"[0.2077922077922078, 0.25, 0.12987012987012986, 0.6]"
3,0.5,"[0.2597402597402597, 0.45, 0.2727272727272727, 0.42857142857142855]"
3,0.5,"[0.24675324675324675, 0.42105263157894735, 0.36363636363636365, 0.32142857142857145]"
3,0.5,"[0.2077922077922078, 0.3125, 0.22077922077922077, 0.35294117647058826]"
3,0.5,"[0.24675324675324675, 0.42105263157894735, 0.15584415584415584, 0.4166666666666667]"
3,0.5,"[0.2597402597402597, 0.5, 0.2857142857142857, 0.36363636363636365]"
3,0.5,"[0.12987012987012986, 0.4, 0.06493506493506493, 0.6]"
10,1.0,"[0.35064935064935066, 0.5555555555555556, 0.38961038961038963, 0.4666666666666667]"
10,1.0,"[0.3116883116883117, 0.5833333333333334, 0.7532467532467533, 0.1896551724137931]"
10,1.0,"[0.2987012987012987, 0.43478260869565216, 0.37662337662337664, 0.27586206896551724]"
10,1.0,"[0.37662337662337664, 0.4827586206896552, 0.4675324675324675, 0.3333333333333333]"
10,1.0,"[0.36363636363636365, 0.39285714285714285, 0.4675324675324675, 0.3611111111111111]"
10,1.0,"[0.2597402597402597, 0.7, 0.38961038961038963, 0.3333333333333333]"
10,1.0,"[0.33766233766233766, 0.38461538461538464, 0.44155844155844154, 0.2647058823529412]"
10,1.0,"[0.3116883116883117, 0.375, 0.4675324675324675, 0.2222222222222222]"
10,1.0,"[0.11688311688311688, 0.6666666666666666, 0.09090909090909091, 0.8571428571428571]"
10,1.0,"[0.33766233766233766, 0.5, 0.5324675324675324, 0.36585365853658536]"
3,0.75,"[0.15584415584415584, 0.3333333333333333, 0.05194805194805195, 0.75]"
3,0.75,"[0.05194805194805195, 0.75, 0.05194805194805195, 0.75]"
3,0.75,"[0.23376623376623376, 0.3333333333333333, 0.4025974025974026, 0.25806451612903225]"
3,0.75,"[0.36363636363636365, 0.32142857142857145, 0.5064935064935064, 0.20512820512820512]"
3,0.75,"[0.2597402597402597, 0.3, 0.3246753246753247, 0.32]"
3,0.75,"[0.38961038961038963, 0.26666666666666666, 0.3246753246753247, 0.36]"
3,0.75,"[0.22077922077922077, 0.35294117647058826, 0.2857142857142857, 0.2727272727272727]"
3,0.75,"[0.2727272727272727, 0.42857142857142855, 0.23376623376623376, 0.6111111111111112]"
3,0.75,"[0.1038961038961039, 0.75, 0.11688311688311688, 0.6666666666666666]"
3,0.75,"[0.03896103896103896, 0.6666666666666666, 0.025974025974025976, 1.0]"
2,0.5,"[0.09090909090909091, 0.2857142857142857, 0.03896103896103896, 0.6666666666666666]"
2,0.5,"[0.0, 0, 0.0, 0]"
2,0.5,"[0.18181818181818182, 0.21428571428571427, 0.11688311688311688, 0.3333333333333333]"
2,0.5,"[0.05194805194805195, 0.75, 0.05194805194805195, 0.75]"
2,0.5,"[0.14285714285714285, 0.45454545454545453, 0.09090909090909091, 0.5714285714285714]"
2,0.5,"[0.2857142857142857, 0.2727272727272727, 0.2077922077922078, 0.4375]"
2,0.5,"[0.12987012987012986, 0.4, 0.07792207792207792, 0.6666666666666666]"
2,0.5,"[0.09090909090909091, 0.7142857142857143, 0.12987012987012986, 0.4]"
2,0.5,"[0.06493506493506493, 0.6, 0.07792207792207792, 0.6666666666666666]"
2,0.5,"[0.3116883116883117, 0.25, 0.11688311688311688, 0.8888888888888888]"
1,0.5,"[0.42857142857142855, 0.6060606060606061, 0.6363636363636364, 0.3877551020408163]"
1,0.5,"[0.42857142857142855, 0.36363636363636365, 0.5714285714285714, 0.25]"
1,0.5,"[0.4805194805194805, 0.5675675675675675, 0.7012987012987013, 0.2962962962962963]"
1,0.5,"[0.45454545454545453, 0.4857142857142857, 0.4935064935064935, 0.5]"
1,0.5,"[0.44155844155844154, 0.47058823529411764, 0.6363636363636364, 0.3877551020408163]"
1,0.5,"[0.4805194805194805, 0.4594594594594595, 0.4805194805194805, 0.5675675675675675]"
1,0.5,"[0.4155844155844156, 0.5625, 0.5974025974025974, 0.41304347826086957]"
1,0.5,"[0.4155844155844156, 0.4375, 0.6623376623376623, 0.3137254901960784]"
1,0.5,"[0.5064935064935064, 0.48717948717948717, 0.6493506493506493, 0.44]"
1,0.5,"[0.24675324675324675, 0.5263157894736842, 0.5844155844155844, 0.26666666666666666]"
0,0.5,"[0.025974025974025976, 1.0, 0.025974025974025976, 1.0]"
0,0.5,"[0.0, 0, 0.0, 0]"
0,0.5,"[0.025974025974025976, 1.0, 0.025974025974025976, 1.0]"
0,0.5,"[0.07792207792207792, 0.6666666666666666, 0.07792207792207792, 0.6666666666666666]"
0,0.5,"[0.05194805194805195, 0.75, 0.05194805194805195, 0.75]"
0,0.5,"[0.0, 0, 0.0, 0]"
0,0.5,"[0.0, 0, 0.0, 0]"
0,0.5,"[0.025974025974025976, 1.0, 0.025974025974025976, 1.0]"
0,0.5,"[0.07792207792207792, 0.6666666666666666, 0.07792207792207792, 0.8333333333333334]"
0,0.5,"[0.06493506493506493, 0.8, 0.06493506493506493, 0.6]"
4,0.5,"[0.12987012987012986, 0.4, 0.09090909090909091, 0.5714285714285714]"
4,0.5,"[0.14285714285714285, 0.45454545454545453, 0.15584415584415584, 0.5]"
4,0.5,"[0.2077922077922078, 0.5, 0.2857142857142857, 0.5]"
4,0.5,"[0.2597402597402597, 0.5, 0.44155844155844154, 0.20588235294117646]"
4,0.5,"[0.11688311688311688, 0.5555555555555556, 0.09090909090909091, 0.8571428571428571]"
4,0.5,"[0.24675324675324675, 0.47368421052631576, 0.37662337662337664, 0.2413793103448276]"
4,0.5,"[0.2857142857142857, 0.4090909090909091, 0.19480519480519481, 0.4666666666666667]"
4,0.5,"[0.24675324675324675, 0.3157894736842105, 0.35064935064935066, 0.37037037037037035]"
4,0.5,"[0.23376623376623376, 0.3888888888888889, 0.22077922077922077, 0.35294117647058826]"
4,0.5,"[0.36363636363636365, 0.42857142857142855, 0.5584415584415584, 0.2558139534883721]"
10,1.5,"[0.3246753246753247, 0.44, 0.5324675324675324, 0.34146341463414637]"
10,1.5,"[0.36363636363636365, 0.39285714285714285, 0.4805194805194805, 0.24324324324324326]"
10,1.5,"[0.36363636363636365, 0.32142857142857145, 0.42857142857142855, 0.30303030303030304]"
10,1.5,"[0.36363636363636365, 0.2857142857142857, 0.5064935064935064, 0.3076923076923077]"
10,1.5,"[0.3116883116883117, 0.5, 0.4025974025974026, 0.2903225806451613]"
10,1.5,"[0.44155844155844154, 0.38235294117647056, 0.6493506493506493, 0.26]"
10,1.5,"[0.06493506493506493, 0.8, 0.05194805194805195, 0.75]"
10,1.5,"[0.36363636363636365, 0.35714285714285715, 0.4935064935064935, 0.3157894736842105]"
10,1.5,"[0.2597402597402597, 0.55, 0.5324675324675324, 0.2682926829268293]"
10,1.5,"[0.3116883116883117, 0.2916666666666667, 0.4675324675324675, 0.25]"
3,1.25,"[0.09090909090909091, 0.7142857142857143, 0.06493506493506493, 1.0]"
3,1.25,"[0.2857142857142857, 0.5454545454545454, 0.4025974025974026, 0.3548387096774194]"
3,1.25,"[0.23376623376623376, 0.3333333333333333, 0.19480519480519481, 0.26666666666666666]"
3,1.25,"[0.06493506493506493, 0.8, 0.07792207792207792, 0.6666666666666666]"
3,1.25,"[0.05194805194805195, 0.5, 0.025974025974025976, 1.0]"
3,1.25,"[0.14285714285714285, 0.36363636363636365, 0.09090909090909091, 0.8571428571428571]"
3,1.25,"[0.06493506493506493, 0.8, 0.06493506493506493, 0.8]"
3,1.25,"[0.19480519480519481, 0.3333333333333333, 0.07792207792207792, 0.8333333333333334]"
3,1.25,"[0.2987012987012987, 0.391304347826087, 0.2597402597402597, 0.55]"
3,1.25,"[0.22077922077922077, 0.5294117647058824, 0.22077922077922077, 0.47058823529411764]"
5,0.5,"[0.3116883116883117, 0.5, 0.3116883116883117, 0.4583333333333333]"
5,0.5,"[0.4155844155844156, 0.34375, 0.4805194805194805, 0.35135135135135137]"
5,0.5,"[0.3116883116883117, 0.375, 0.38961038961038963, 0.3]"
5,0.5,"[0.35064935064935066, 0.2222222222222222, 0.2987012987012987, 0.30434782608695654]"
5,0.5,"[0.3116883116883117, 0.4583333333333333, 0.2727272727272727, 0.6666666666666666]"
5,0.5,"[0.11688311688311688, 0.4444444444444444, 0.09090909090909091, 0.7142857142857143]"
5,0.5,"[0.4025974025974026, 0.3870967741935484, 0.44155844155844154, 0.23529411764705882]"
5,0.5,"[0.14285714285714285, 0.45454545454545453, 0.09090909090909091, 0.7142857142857143]"
5,0.5,"[0.37662337662337664, 0.2413793103448276, 0.19480519480519481, 0.4666666666666667]"
5,0.5,"[0.09090909090909091, 0.5714285714285714, 0.09090909090909091, 0.5714285714285714]"
1,1.5,"[0.2857142857142857, 0.36363636363636365, 0.14285714285714285, 0.6363636363636364]"
1,1.5,"[0.2077922077922078, 0.4375, 0.8961038961038961, 0.11594202898550725]"
1,1.5,"[0.14285714285714285, 0.45454545454545453, 0.14285714285714285, 0.6363636363636364]"
1,1.5,"[0.36363636363636365, 0.5, 0.6103896103896104, 0.23404255319148937]"
1,1.5,"[0.36363636363636365, 0.42857142857142855, 0.5194805194805194, 0.35]"
1,1.5,"[0.2987012987012987, 0.391304347826087, 0.7142857142857143, 0.18181818181818182]"
1,1.5,"[0.4675324675324675, 0.5277777777777778, 0.5064935064935064, 0.41025641025641024]"
1,1.5,"[0.37662337662337664, 0.4827586206896552, 0.5714285714285714, 0.3181818181818182]"
1,1.5,"[0.36363636363636365, 0.5, 0.6233766233766234, 0.22916666666666666]"
1,1.5,"[0.4025974025974026, 0.5161290322580645, 0.7142857142857143, 0.23636363636363636]"
0,1.5,"[0.05194805194805195, 1.0, 0.06493506493506493, 0.6]"
0,1.5,"[0.12987012987012986, 0.6, 0.1038961038961039, 0.75]"
0,1.5,"[0.05194805194805195, 0.75, 0.03896103896103896, 1.0]"
0,1.5,"[0.05194805194805195, 0.5, 0.025974025974025976, 1.0]"
0,1.5,"[0.09090909090909091, 0.2857142857142857, 0.025974025974025976, 1.0]"
0,1.5,"[0.012987012987012988, 1.0, 0.012987012987012988, 1.0]"
0,1.5,"[0.11688311688311688, 0.6666666666666666, 0.1038961038961039, 0.875]"
0,1.5,"[0.012987012987012988, 1.0, 0.012987012987012988, 1.0]"
0,1.5,"[0.05194805194805195, 0.25, 0.012987012987012988, 1.0]"
0,1.5,"[0.03896103896103896, 1.0, 0.03896103896103896, 1.0]"
3,1.5,"[0.3116883116883117, 0.375, 0.36363636363636365, 0.21428571428571427]"
3,1.5,"[0.025974025974025976, 1.0, 0.025974025974025976, 1.0]"
3,1.5,"[0.06493506493506493, 0.6, 0.06493506493506493, 0.8]"
3,1.5,"[0.012987012987012988, 1.0, 0.012987012987012988, 1.0]"
3,1.5,"[0.19480519480519481, 0.7333333333333333, 0.37662337662337664, 0.3103448275862069]"
3,1.5,"[0.24675324675324675, 0.21052631578947367, 0.2597402597402597, 0.3]"
3,1.5,"[0.1038961038961039, 0.5, 0.1038961038961039, 0.625]"
3,1.5,"[0.19480519480519481, 0.4, 0.2727272727272727, 0.23809523809523808]"
3,1.5,"[0.2597402597402597, 0.45, 0.37662337662337664, 0.2413793103448276]"
3,1.5,"[0.22077922077922077, 0.35294117647058826, 0.22077922077922077, 0.29411764705882354]"
4,1.0,"[0.3246753246753247, 0.64, 0.5584415584415584, 0.27906976744186046]"
4,1.0,"[0.06493506493506493, 0.8, 0.09090909090909091, 0.5714285714285714]"
4,1.0,"[0.12987012987012986, 0.4, 0.07792207792207792, 0.6666666666666666]"
4,1.0,"[0.33766233766233766, 0.2692307692307692, 0.36363636363636365, 0.2857142857142857]"
4,1.0,"[0.23376623376623376, 0.3333333333333333, 0.2597402597402597, 0.4]"
4,1.0,"[0.35064935064935066, 0.4444444444444444, 0.5454545454545454, 0.2857142857142857]"
4,1.0,"[0.3246753246753247, 0.32, 0.35064935064935066, 0.3333333333333333]"
4,1.0,"[0.03896103896103896, 1.0, 0.05194805194805195, 0.75]"
4,1.0,"[0.2857142857142857, 0.5, 0.6233766233766234, 0.20833333333333334]"
4,1.0,"[0.2987012987012987, 0.5652173913043478, 0.5454545454545454, 0.3333333333333333]"
2,1.5,"[0.19480519480519481, 0.4, 0.19480519480519481, 0.3333333333333333]"
2,1.5,"[0.12987012987012986, 0.1, 0.025974025974025976, 1.0]"
2,1.5,"[0.16883116883116883, 0.38461538461538464, 0.14285714285714285, 0.36363636363636365]"
2,1.5,"[0.18181818181818182, 0.21428571428571427, 0.1038961038961039, 0.375]"
2,1.5,"[0.2857142857142857, 0.36363636363636365, 0.2727272727272727, 0.42857142857142855]"
2,1.5,"[0.12987012987012986, 0.3, 0.05194805194805195, 1.0]"
2,1.5,"[0.025974025974025976, 1.0, 0.025974025974025976, 1.0]"
2,1.5,"[0.23376623376623376, 0.3888888888888889, 0.23376623376623376, 0.3888888888888889]"
2,1.5,"[0.2987012987012987, 0.43478260869565216, 0.37662337662337664, 0.3793103448275862]"
2,1.5,"[0.06493506493506493, 0.6, 0.06493506493506493, 0.6]"
5,1.0,"[0.03896103896103896, 1.0, 0.05194805194805195, 0.75]"
5,1.0,"[0.35064935064935066, 0.3333333333333333, 0.3246753246753247, 0.36]"
5,1.0,"[0.09090909090909091, 0.8571428571428571, 0.12987012987012986, 0.6]"
5,1.0,"[0.025974025974025976, 1.0, 0.025974025974025976, 1.0]"
5,1.0,"[0.35064935064935066, 0.3333333333333333, 0.38961038961038963, 0.3333333333333333]"
5,1.0,"[0.15584415584415584, 0.4166666666666667, 0.15584415584415584, 0.4166666666666667]"
5,1.0,"[0.2857142857142857, 0.5454545454545454, 0.5324675324675324, 0.2926829268292683]"
5,1.0,"[0.24675324675324675, 0.3684210526315789, 0.19480519480519481, 0.6666666666666666]"
5,1.0,"[0.2857142857142857, 0.45454545454545453, 0.38961038961038963, 0.36666666666666664]"
5,1.0,"[0.36363636363636365, 0.39285714285714285, 0.4675324675324675, 0.3055555555555556]"
2,0.75,"[0.025974025974025976, 0.5, 0.012987012987012988, 1.0]"
2,0.75,"[0.2077922077922078, 0.1875, 0.09090909090909091, 0.5714285714285714]"
2,0.75,"[0.06493506493506493, 0.2, 0.012987012987012988, 1.0]"
2,0.75,"[0.2597402597402597, 0.55, 0.45454545454545453, 0.2571428571428571]"
2,0.75,"[0.38961038961038963, 0.5, 0.4935064935064935, 0.3157894736842105]"
2,0.75,"[0.2077922077922078, 0.1875, 0.05194805194805195, 1.0]"
2,0.75,"[0.2727272727272727, 0.38095238095238093, 0.2727272727272727, 0.3333333333333333]"
2,0.75,"[0.3116883116883117, 0.375, 0.23376623376623376, 0.3888888888888889]"
2,0.75,"[0.22077922077922077, 0.35294117647058826, 0.16883116883116883, 0.23076923076923078]"
2,0.75,"[0.23376623376623376, 0.4444444444444444, 0.2597402597402597, 0.4]"
2,1.25,"[0.3246753246753247, 0.32, 0.4155844155844156, 0.34375]"
2,1.25,"[0.025974025974025976, 0.5, 0.012987012987012988, 1.0]"
2,1.25,"[0.3246753246753247, 0.4, 0.3116883116883117, 0.375]"
2,1.25,"[0.24675324675324675, 0.21052631578947367, 0.12987012987012986, 0.5]"
2,1.25,"[0.2727272727272727, 0.3333333333333333, 0.24675324675324675, 0.3684210526315789]"
2,1.25,"[0.24675324675324675, 0.2631578947368421, 0.35064935064935066, 0.2222222222222222]"
2,1.25,"[0.09090909090909091, 0.42857142857142855, 0.05194805194805195, 1.0]"
2,1.25,"[0.23376623376623376, 0.3333333333333333, 0.22077922077922077, 0.47058823529411764]"
2,1.25,"[0.11688311688311688, 0.3333333333333333, 0.07792207792207792, 0.8333333333333334]"
2,1.25,"[0.2727272727272727, 0.47619047619047616, 0.33766233766233766, 0.3076923076923077]"
10,0.5,"[0.4025974025974026, 0.41935483870967744, 0.45454545454545453, 0.4]"
10,0.5,"[0.38961038961038963, 0.4, 0.37662337662337664, 0.2413793103448276]"
10,0.5,"[0.4025974025974026, 0.45161290322580644, 0.4675324675324675, 0.2222222222222222]"
10,0.5,"[0.1038961038961039, 0.625, 0.1038961038961039, 0.625]"
10,0.5,"[0.06493506493506493, 0.8, 0.06493506493506493, 0.8]"
10,0.5,"[0.2727272727272727, 0.5238095238095238, 0.36363636363636365, 0.21428571428571427]"
10,0.5,"[0.4025974025974026, 0.5806451612903226, 0.45454545454545453, 0.4857142857142857]"
10,0.5,"[0.15584415584415584, 0.4166666666666667, 0.09090909090909091, 0.7142857142857143]"
10,0.5,"[0.36363636363636365, 0.39285714285714285, 0.5454545454545454, 0.2619047619047619]"
10,0.5,"[0.38961038961038963, 0.5, 0.6363636363636364, 0.30612244897959184]"
4,1.5,"[0.03896103896103896, 1.0, 0.05194805194805195, 0.5]"
4,1.5,"[0.36363636363636365, 0.32142857142857145, 0.5194805194805194, 0.15]"
4,1.5,"[0.33766233766233766, 0.34615384615384615, 0.4675324675324675, 0.25]"
4,1.5,"[0.37662337662337664, 0.3448275862068966, 0.6233766233766234, 0.1875]"
4,1.5,"[0.2077922077922078, 0.25, 0.1038961038961039, 0.375]"
4,1.5,"[0.35064935064935066, 0.48148148148148145, 0.38961038961038963, 0.3333333333333333]"
4,1.5,"[0.09090909090909091, 0.7142857142857143, 0.06493506493506493, 0.8]"
4,1.5,"[0.33766233766233766, 0.4230769230769231, 0.5324675324675324, 0.2926829268292683]"
4,1.5,"[0.11688311688311688, 0.2222222222222222, 0.03896103896103896, 1.0]"
4,1.5,"[0.1038961038961039, 0.25, 0.07792207792207792, 0.8333333333333334]"
3,1.0,"[0.3116883116883117, 0.2916666666666667, 0.42857142857142855, 0.18181818181818182]"
3,1.0,"[0.23376623376623376, 0.4444444444444444, 0.33766233766233766, 0.3076923076923077]"
3,1.0,"[0.23376623376623376, 0.3333333333333333, 0.2597402597402597, 0.25]"
3,1.0,"[0.12987012987012986, 0.2, 0.05194805194805195, 1.0]"
3,1.0,"[0.05194805194805195, 0.5, 0.05194805194805195, 0.75]"
3,1.0,"[0.1038961038961039, 0.625, 0.06493506493506493, 1.0]"
3,1.0,"[0.2727272727272727, 0.47619047619047616, 0.35064935064935066, 0.2962962962962963]"
3,1.0,"[0.05194805194805195, 0.75, 0.05194805194805195, 0.75]"
3,1.0,"[0.09090909090909091, 0.5714285714285714, 0.1038961038961039, 0.375]"
3,1.0,"[0.3246753246753247, 0.6, 0.42857142857142855, 0.30303030303030304]"
5,1.5,"[0.33766233766233766, 0.38461538461538464, 0.7012987012987013, 0.24074074074074073]"
5,1.5,"[0.2727272727272727, 0.38095238095238093, 0.4155844155844156, 0.25]"
5,1.5,"[0.24675324675324675, 0.631578947368421, 0.5454545454545454, 0.2619047619047619]"
5,1.5,"[0.35064935064935066, 0.48148148148148145, 0.6883116883116883, 0.20754716981132076]"
5,1.5,"[0.2597402597402597, 0.4, 0.2077922077922078, 0.6875]"
5,1.5,"[0.35064935064935066, 0.6296296296296297, 0.45454545454545453, 0.3142857142857143]"
5,1.5,"[0.06493506493506493, 0.8, 0.1038961038961039, 0.5]"
5,1.5,"[0.11688311688311688, 0.5555555555555556, 0.09090909090909091, 0.7142857142857143]"
5,1.5,"[0.2857142857142857, 0.3181818181818182, 0.2857142857142857, 0.4090909090909091]"
5,1.5,"[0.2987012987012987, 0.5217391304347826, 0.6753246753246753, 0.21153846153846154]"
2,1.0,"[0.2077922077922078, 0.25, 0.15584415584415584, 0.5]"
2,1.0,"[0.025974025974025976, 0.5, 0.025974025974025976, 0.5]"
2,1.0,"[0.18181818181818182, 0.21428571428571427, 0.06493506493506493, 0.8]"
2,1.0,"[0.18181818181818182, 0.42857142857142855, 0.15584415584415584, 0.6666666666666666]"
2,1.0,"[0.3246753246753247, 0.52, 0.4025974025974026, 0.3548387096774194]"
2,1.0,"[0.09090909090909091, 0.2857142857142857, 0.03896103896103896, 0.6666666666666666]"
2,1.0,"[0.1038961038961039, 0.5, 0.09090909090909091, 0.7142857142857143]"
2,1.0,"[0.12987012987012986, 0.5, 0.11688311688311688, 0.5555555555555556]"
2,1.0,"[0.2987012987012987, 0.34782608695652173, 0.18181818181818182, 0.5]"
2,1.0,"[0.12987012987012986, 0.7, 0.11688311688311688, 0.6666666666666666]"
1,1.0,"[0.19480519480519481, 0.4, 0.23376623376623376, 0.3888888888888889]"
1,1.0,"[0.38961038961038963, 0.43333333333333335, 0.5844155844155844, 0.3111111111111111]"
1,1.0,"[0.38961038961038963, 0.5666666666666667, 0.5584415584415584, 0.3488372093023256]"
1,1.0,"[0.1038961038961039, 0.5, 0.07792207792207792, 0.6666666666666666]"
1,1.0,"[0.38961038961038963, 0.4666666666666667, 0.7142857142857143, 0.23636363636363636]"
1,1.0,"[0.2857142857142857, 0.5454545454545454, 0.5194805194805194, 0.275]"
1,1.0,"[0.4025974025974026, 0.45161290322580644, 0.6363636363636364, 0.3673469387755102]"
1,1.0,"[0.4935064935064935, 0.5263157894736842, 0.4935064935064935, 0.6578947368421053]"
1,1.0,"[0.4025974025974026, 0.4838709677419355, 0.6493506493506493, 0.32]"
1,1.0,"[0.36363636363636365, 0.5, 0.7012987012987013, 0.24074074074074073]"
0,1.0,"[0.03896103896103896, 1.0, 0.03896103896103896, 1.0]"
0,1.0,"[0.025974025974025976, 1.0, 0.025974025974025976, 1.0]"
0,1.0,"[0.18181818181818182, 0.2857142857142857, 0.09090909090909091, 0.5714285714285714]"
0,1.0,"[0.06493506493506493, 0.8, 0.07792207792207792, 0.6666666666666666]"
0,1.0,"[0.07792207792207792, 0.8333333333333334, 0.06493506493506493, 1.0]"
0,1.0,"[0.03896103896103896, 1.0, 0.03896103896103896, 0.6666666666666666]"
0,1.0,"[0.025974025974025976, 1.0, 0.025974025974025976, 1.0]"
0,1.0,"[0.012987012987012988, 1.0, 0.012987012987012988, 1.0]"
0,1.0,"[0.025974025974025976, 1.0, 0.025974025974025976, 1.0]"
0,1.0,"[0.025974025974025976, 1.0, 0.025974025974025976, 1.0]"
10,1.25,"[0.33766233766233766, 0.46153846153846156, 0.4935064935064935, 0.2894736842105263]"
10,1.25,"[0.35064935064935066, 0.5925925925925926, 0.5454545454545454, 0.2857142857142857]"
10,1.25,"[0.4155844155844156, 0.3125, 0.4935064935064935, 0.23684210526315788]"
10,1.25,"[0.3116883116883117, 0.4583333333333333, 0.4155844155844156, 0.375]"
10,1.25,"[0.22077922077922077, 0.23529411764705882, 0.12987012987012986, 0.6]"
10,1.25,"[0.1038961038961039, 0.875, 0.12987012987012986, 0.7]"
10,1.25,"[0.2727272727272727, 0.6190476190476191, 0.5194805194805194, 0.3]"
10,1.25,"[0.33766233766233766, 0.4230769230769231, 0.42857142857142855, 0.24242424242424243]"
10,1.25,"[0.3246753246753247, 0.44, 0.5194805194805194, 0.325]"
10,1.25,"[0.1038961038961039, 0.625, 0.09090909090909091, 0.7142857142857143]"
4,1.25,"[0.07792207792207792, 0.5, 0.03896103896103896, 1.0]"
4,1.25,"[0.03896103896103896, 1.0, 0.03896103896103896, 1.0]"
4,1.25,"[0.33766233766233766, 0.38461538461538464, 0.5194805194805194, 0.25]"
4,1.25,"[0.09090909090909091, 0.5714285714285714, 0.07792207792207792, 0.8333333333333334]"
4,1.25,"[0.37662337662337664, 0.5517241379310345, 0.7142857142857143, 0.23636363636363636]"
4,1.25,"[0.35064935064935066, 0.4444444444444444, 0.38961038961038963, 0.3]"
4,1.25,"[0.2857142857142857, 0.5454545454545454, 0.36363636363636365, 0.35714285714285715]"
4,1.25,"[0.03896103896103896, 1.0, 0.05194805194805195, 0.75]"
4,1.25,"[0.4025974025974026, 0.3548387096774194, 0.4675324675324675, 0.2777777777777778]"
4,1.25,"[0.14285714285714285, 0.45454545454545453, 0.07792207792207792, 0.8333333333333334]"
1,1.25,"[0.4935064935064935, 0.5, 0.5194805194805194, 0.5]"
1,1.25,"[0.4155844155844156, 0.5625, 0.5714285714285714, 0.45454545454545453]"
1,1.25,"[0.45454545454545453, 0.6, 0.6103896103896104, 0.3404255319148936]"
1,1.25,"[0.14285714285714285, 0.5454545454545454, 0.19480519480519481, 0.4]"
1,1.25,"[0.45454545454545453, 0.42857142857142855, 0.6233766233766234, 0.3125]"
1,1.25,"[0.2987012987012987, 0.6086956521739131, 0.2597402597402597, 0.75]"
1,1.25,"[0.36363636363636365, 0.5357142857142857, 0.6883116883116883, 0.2641509433962264]"
1,1.25,"[0.09090909090909091, 0.5714285714285714, 0.1038961038961039, 0.5]"
1,1.25,"[0.19480519480519481, 0.5333333333333333, 0.8181818181818182, 0.12698412698412698]"
1,1.25,"[0.38961038961038963, 0.4, 0.7662337662337663, 0.1864406779661017]"
1,0.75,"[0.35064935064935066, 0.4074074074074074, 0.35064935064935066, 0.4444444444444444]"
1,0.75,"[0.4805194805194805, 0.40540540540540543, 0.6103896103896104, 0.3617021276595745]"
1,0.75,"[0.2727272727272727, 0.42857142857142855, 0.6753246753246753, 0.19230769230769232]"
1,0.75,"[0.4675324675324675, 0.4722222222222222, 0.6883116883116883, 0.2830188679245283]"
1,0.75,"[0.2987012987012987, 0.6521739130434783, 0.6753246753246753, 0.28846153846153844]"
1,0.75,"[0.2987012987012987, 0.4782608695652174, 0.5974025974025974, 0.1956521739130435]"
1,0.75,"[0.4155844155844156, 0.5, 0.6883116883116883, 0.24528301886792453]"
1,0.75,"[0.5194805194805194, 0.425, 0.6233766233766234, 0.3958333333333333]"
1,0.75,"[0.5064935064935064, 0.48717948717948717, 0.4155844155844156, 0.5625]"
1,0.75,"[0.45454545454545453, 0.4, 0.6623376623376623, 0.29411764705882354]"
4,0.75,"[0.2857142857142857, 0.4090909090909091, 0.4155844155844156, 0.28125]"
4,0.75,"[0.2857142857142857, 0.45454545454545453, 0.5584415584415584, 0.27906976744186046]"
4,0.75,"[0.23376623376623376, 0.6666666666666666, 0.3246753246753247, 0.4]"
4,0.75,"[0.2727272727272727, 0.38095238095238093, 0.2857142857142857, 0.4090909090909091]"
4,0.75,"[0.3246753246753247, 0.48, 0.5194805194805194, 0.25]"
4,0.75,"[0.3246753246753247, 0.4, 0.37662337662337664, 0.27586206896551724]"
4,0.75,"[0.4025974025974026, 0.3870967741935484, 0.4935064935064935, 0.23684210526315788]"
4,0.75,"[0.012987012987012988, 1.0, 0.012987012987012988, 1.0]"
4,0.75,"[0.2857142857142857, 0.2727272727272727, 0.18181818181818182, 0.5]"
4,0.75,"[0.2857142857142857, 0.36363636363636365, 0.36363636363636365, 0.39285714285714285]"
10,0.75,"[0.4155844155844156, 0.28125, 0.4805194805194805, 0.2972972972972973]"
10,0.75,"[0.2857142857142857, 0.5454545454545454, 0.42857142857142855, 0.3333333333333333]"
10,0.75,"[0.3116883116883117, 0.25, 0.38961038961038963, 0.3]"
10,0.75,"[0.44155844155844154, 0.29411764705882354, 0.4675324675324675, 0.25]"
10,0.75,"[0.11688311688311688, 0.5555555555555556, 0.11688311688311688, 0.6666666666666666]"
10,0.75,"[0.06493506493506493, 0.8, 0.06493506493506493, 0.8]"
10,0.75,"[0.4025974025974026, 0.5483870967741935, 0.7402597402597403, 0.21052631578947367]"
10,0.75,"[0.4025974025974026, 0.4838709677419355, 0.4675324675324675, 0.4166666666666667]"
10,0.75,"[0.3246753246753247, 0.48, 0.4155844155844156, 0.28125]"
10,0.75,"[0.33766233766233766, 0.5, 0.5194805194805194, 0.3]"
5,1.25,"[0.2727272727272727, 0.5714285714285714, 0.5714285714285714, 0.18181818181818182]"
5,1.25,"[0.36363636363636365, 0.32142857142857145, 0.4155844155844156, 0.3125]"
5,1.25,"[0.06493506493506493, 0.8, 0.06493506493506493, 0.8]"
5,1.25,"[0.23376623376623376, 0.6111111111111112, 0.36363636363636365, 0.39285714285714285]"
5,1.25,"[0.2727272727272727, 0.47619047619047616, 0.33766233766233766, 0.34615384615384615]"
5,1.25,"[0.09090909090909091, 0.7142857142857143, 0.06493506493506493, 1.0]"
5,1.25,"[0.33766233766233766, 0.46153846153846156, 0.6493506493506493, 0.22]"
5,1.25,"[0.4155844155844156, 0.28125, 0.5324675324675324, 0.24390243902439024]"
5,1.25,"[0.3246753246753247, 0.56, 0.45454545454545453, 0.3142857142857143]"
5,1.25,"[0.07792207792207792, 0.6666666666666666, 0.07792207792207792, 0.5]"
0,1.25,"[0.025974025974025976, 1.0, 0.025974025974025976, 1.0]"
0,1.25,"[0.025974025974025976, 1.0, 0.025974025974025976, 1.0]"
0,1.25,"[0.05194805194805195, 1.0, 0.09090909090909091, 0.5714285714285714]"
0,1.25,"[0.03896103896103896, 0.6666666666666666, 0.03896103896103896, 0.6666666666666666]"
0,1.25,"[0.012987012987012988, 1.0, 0.012987012987012988, 1.0]"
0,1.25,"[0.07792207792207792, 0.6666666666666666, 0.06493506493506493, 0.8]"
0,1.25,"[0.03896103896103896, 1.0, 0.05194805194805195, 0.75]"
0,1.25,"[0.07792207792207792, 0.5, 0.06493506493506493, 0.8]"
0,1.25,"[0.03896103896103896, 1.0, 0.05194805194805195, 0.75]"
0,1.25,"[0.03896103896103896, 1.0, 0.05194805194805195, 0.75]"
0,0.75,"[0.05194805194805195, 0.5, 0.025974025974025976, 1.0]"
0,0.75,"[0.12987012987012986, 0.5, 0.09090909090909091, 0.8571428571428571]"
0,0.75,"[0.07792207792207792, 0.6666666666666666, 0.06493506493506493, 0.8]"
0,0.75,"[0.15584415584415584, 0.4166666666666667, 0.1038961038961039, 0.75]"
0,0.75,"[0.07792207792207792, 0.8333333333333334, 0.07792207792207792, 0.8333333333333334]"
0,0.75,"[0.025974025974025976, 1.0, 0.025974025974025976, 1.0]"
0,0.75,"[0.012987012987012988, 1.0, 0.012987012987012988, 1.0]"
0,0.75,"[0.012987012987012988, 1.0, 0.012987012987012988, 1.0]"
0,0.75,"[0.06493506493506493, 0.6, 0.03896103896103896, 1.0]"
0,0.75,"[0.06493506493506493, 0.6, 0.07792207792207792, 0.5]"
5,0.75,"[0.12987012987012986, 0.3, 0.05194805194805195, 0.5]"
5,0.75,"[0.2597402597402597, 0.65, 0.4675324675324675, 0.2777777777777778]"
5,0.75,"[0.2077922077922078, 0.5, 0.2857142857142857, 0.4090909090909091]"
5,0.75,"[0.33766233766233766, 0.23076923076923078, 0.45454545454545453, 0.17142857142857143]"
5,0.75,"[0.2987012987012987, 0.43478260869565216, 0.37662337662337664, 0.3793103448275862]"
5,0.75,"[0.09090909090909091, 0.5714285714285714, 0.1038961038961039, 0.5]"
5,0.75,"[0.07792207792207792, 0.6666666666666666, 0.07792207792207792, 0.6666666666666666]"
5,0.75,"[0.3246753246753247, 0.44, 0.5844155844155844, 0.2222222222222222]"
5,0.75,"[0.22077922077922077, 0.6470588235294118, 0.3116883116883117, 0.4166666666666667]"
5,0.75,"[0.2857142857142857, 0.5909090909090909, 0.5714285714285714, 0.25]"
